{
	"header": {
		"success": true
	},
	"payload": {
		"source": {
			"name": "DBSIN"
		},
		"customer": {
			"name": "IN0085920992"
		},
		"account": {
			"account_key": "hp4F3LQT4MRpHj/FmDk=",
			"type": "SA|DBEXP",
			"number": "881005769180",
			"currency": "INR"
		},
		"transactions": [
			{
				"key": "hp4F3LQT4MZjGjnFlDw=",
				"currency": "INR",
				"amount": 1.0,
				"description": "AC TRF~LISA AUTOMATION~",
				"date": "2015-01-07",
				"balance": 9852.0,
				"movement": "debit",
				"type": "DIBXF",
				"extraction": "2017-02-23T17:22:13.000+0800",
				"status": "posted",
				"is_new": true,
				"custom_fields": [
					{
						"name": "postingdate",
						"value": "2017-02-23T17:22:13"
					},
					{
						"name": "relatedrecid",
						"value": "243380"
					},
					{
						"name": "relatedtranref",
						"value": "2c393870-6c24-4a84-a"
					},
					{
						"name": "trandate",
						"value": "2015-01-16T00:00:00"
					},
					{
						"name": "tranid",
						"value": "M465"
					},
					{
						"name": "transserialnumber",
						"value": "1"
					},
					{
						"name": "valuedate",
						"value": "2015-01-16T00:00:00"
					}
				]
			}
		]
	}
}