{
	"header": {
		"success": true
	},
	"payload": {
		"source": {
			"name": "DBSIN"
		},
		"customer": {
			"name": "IN0057410763"
		},
		"account": {
			"account_key": "hp4F3LQT4MRpHj/Fmzk=",
			"type": "SA|DBEXP",
			"number": "881005769199",
			"currency": "INR"
		},
		"transactions": [
			{
				"key": "hp4F3LQT4MZjGjjBmjw=",
				"currency": "INR",
				"amount": 1.0,
				"description": "AC TRF~LISA AUTOMATION~",
				"date": "2015-01-07",
				"balance": 77.0,
				"movement": "credit",
				"type": "DIBXF",
				"extraction": "2017-02-23T17:16:21.000+0800",
				"status": "posted",
				"is_new": true,
				"custom_fields": [
					{
						"name": "note",
						"value": "INTRABANK FT"
					},
					{
						"name": "postingdate",
						"value": "2017-02-23T17:16:21"
					},
					{
						"name": "relatedrecid",
						"value": "243380"
					},
					{
						"name": "relatedtranref",
						"value": "f3a520ce-6673-43a7-a"
					},
					{
						"name": "trandate",
						"value": "2015-01-16T00:00:00"
					},
					{
						"name": "tranid",
						"value": "M393"
					},
					{
						"name": "transserialnumber",
						"value": "2"
					},
					{
						"name": "valuedate",
						"value": "2015-01-16T00:00:00"
					}
				]
			}
		]
	}
}