{
	"header": {
		"success": true
	},
	"payload": {
		"source": {
			"name": "DBSIN"
		},
		"customer": {
			"name": "IN0046834381"
		},
		"account": {
			"account_key": "hp4F3LQT4MRjGzzBmjk=",
			"type": "SA|DBSBA",
			"number": "881000055736",
			"currency": "INR"
		},
		"transactions": [
			{
				"key": "hp4F3LQT4MZjGjjEmjw=",
				"currency": "INR",
				"amount": 1000.0,
				"description": "TD PLACEMENT~882000093356~DTD~09-01-2015~",
				"date": "2015-01-09",
				"balance": 96177000,
				"movement": "debit",
				"type": "DFDXF",
				"extraction": "2017-02-23T17:17:36.000+0800",
				"status": "posted",
				"is_new": true,
				"custom_fields": [
					{
						"name": "note",
						"value": "TD Rate~~Tenure~12 Months 0 Da"
					},
					{
						"name": "postingdate",
						"value": "2017-02-23T17:17:36"
					},
					{
						"name": "relatedrecid",
						"value": "881000055736"
					},
					{
						"name": "trandate",
						"value": "2015-01-16T00:00:00"
					},
					{
						"name": "tranid",
						"value": "M408"
					},
					{
						"name": "transserialnumber",
						"value": "1"
					},
					{
						"name": "valuedate",
						"value": "2015-01-16T00:00:00"
					}
				]
			}
		]
	}
}