{
	"header": {
		"success": true
	},
	"payload": {
		"source": {
			"name": "DBSIN"
		},
		"customer": {
			"name": "IN0035319738"
		},
		"account": {
			"account_key": "hp4F3LQT4MRpHzfBnTk=",
			"type": "SA|DBEXP",
			"number": "881005764848",
			"currency": "INR"
		},
		"transactions": [
			{
				"key": "hp4F3LQT4MZjGTfAmTw=",
				"currency": "INR",
				"amount": 200.0,
				"description": "COFFEE",
				"date": "2017-02-23",
				"balance": 5500.0,
				"movement": "debit",
				"type": "DIBXF",
				"original_category": "CoffeeShops",
				"extraction": "2017-02-23T00:00:00.000+0800",
				"status": "posted",
				"is_new": true,
				"custom_fields": [
					{
						"name": "note",
						"value": "\n\t\t\t\tTEST REMARKS1\n\t\t\t"
					},
					{
						"name": "postingdate",
						"value": "2017-02-23T00:00:00"
					},
					{
						"name": "trandate",
						"value": "2017-02-23T00:00:00"
					},
					{
						"name": "tranid",
						"value": "AN804"
					},
					{
						"name": "transserialnumber",
						"value": "1"
					},
					{
						"name": "valuedate",
						"value": "2017-02-23T00:00:00"
					},
					{
						"name": "category",
						"value": "CoffeeShops"
					},
					{
						"name": "custom_description",
						"value": "#CoffeeShops \n\t\t\t\tTEST REMARKS1\n\t\t\t"
					}
				]
			}
		]
	}
}