{
	"header": {
		"success": true
	},
	"payload": {
		"source": {
			"name": "DBSIN"
		},
		"customer": {
			"name": "IN0043228910"
		},
		"account": {
			"account_key": "hp4F3LQT4MRiEzfEnTk=",
			"type": "SA|DBEXP",
			"number": "881002032447",
			"currency": "INR"
		},
		"transactions": [
			{
				"key": "hp4F3LQT4MZjGjzFmzw=",
				"currency": "INR",
				"amount": 1.0,
				"description": "BILLPAY~DASKSHIN GUJRAT VIJ~",
				"date": "2015-01-08",
				"balance": 9999.0,
				"movement": "debit",
				"type": "DBDBP",
				"original_category": "BillsUtilities",
				"extraction": "2016-12-05T16:40:19.000+0800",
				"status": "posted",
				"is_new": true,
				"custom_fields": [
					{
						"name": "billerid",
						"value": "DGVCL"
					},
					{
						"name": "postingdate",
						"value": "2016-12-05T16:40:19+08:00"
					},
					{
						"name": "relatedrecid",
						"value": "PAYEE_DTLS201612191271980"
					},
					{
						"name": "relatedtranref",
						"value": "2016-12-05T16:40:16."
					},
					{
						"name": "trandate",
						"value": "2015-01-08T00:00:00+08:00"
					},
					{
						"name": "tranid",
						"value": "M64552"
					},
					{
						"name": "transserialnumber",
						"value": "1"
					},
					{
						"name": "valuedate",
						"value": "2015-01-08T00:00:00+08:00"
					},
					{
						"name": "category",
						"value": "BillsUtilities"
					},
					{
						"name": "custom_description",
						"value": "#BillsUtilities"
					}
				]
			}
		]
	}
}