{
	"header": {
		"success": true
	},
	"payload": {
		"source": {
			"name": "DBSIN"
		},
		"customer": {
			"name": "IN0046644291"
		},
		"account": {
			"account_key": "hp4F3LQT4MRmGD/BnTk=",
			"type": "SA|DBSBA",
			"number": "881005693319",
			"currency": "INR"
		},
		"transactions": [
			{
				"key": "hp4F3LQT4MZjGj3Fmzw=",
				"currency": "INR",
				"amount": 100.0,
				"description": "BILLPAY~~",
				"date": "2015-01-08",
				"balance": 4850.0,
				"movement": "debit",
				"type": "DBDBP",
				"original_category": "BillsUtilities",
				"extraction": "2016-08-31T02:56:39.000+0800",
				"status": "posted",
				"is_new": true,
				"custom_fields": [
					{
						"name": "billerid",
						"value": "{{BillerId}}"
					},
					{
						"name": "postingdate",
						"value": "2016-08-31T02:56:39+08:00"
					},
					{
						"name": "relatedrecid",
						"value": "{{BillerId}}"
					},
					{
						"name": "relatedtranref",
						"value": "ABC$371111052"
					},
					{
						"name": "trandate",
						"value": "2015-01-08T00:00:00+08:00"
					},
					{
						"name": "tranid",
						"value": "M56597"
					},
					{
						"name": "transserialnumber",
						"value": "1"
					},
					{
						"name": "valuedate",
						"value": "2015-01-08T00:00:00+08:00"
					},
					{
						"name": "category",
						"value": "BillsUtilities"
					},
					{
						"name": "custom_description",
						"value": "#BillsUtilities"
					}
				]
			}
		]
	}
}