{
	"header": {
		"success": true
	},
	"payload": {
		"source": {
			"name": "DBSIN"
		},
		"customer": {
			"name": "IN0061885396"
		},
		"account": {
			"account_key": "hp4F3LQT4MRkHT3KnDk=",
			"type": "SA|DBSBA",
			"number": "881004443319",
			"currency": "INR"
		},
		"transactions": [
			{
				"key": "hp4F3LQT4MZjGjrFlTw=",
				"currency": "INR",
				"amount": 540.0,
				"description": " PCD  530414 GROFE",
				"date": "2015-01-16",
				"balance": 40814.0,
				"movement": "debit",
				"type": "POSPR",
				"original_category": "Groceries",
				"extraction": "2017-02-23T12:43:34.000+0800",
				"status": "posted",
				"is_new": true,
				"custom_fields": [
					{
						"name": "note",
						"value": "4632370001530414"
					},
					{
						"name": "postingdate",
						"value": "2017-02-23T12:43:34"
					},
					{
						"name": "relatedrecid",
						"value": "988221 142014201579 70005011"
					},
					{
						"name": "relatedtranref",
						"value": "5411~89050051"
					},
					{
						"name": "trandate",
						"value": "2015-01-16T00:00:00"
					},
					{
						"name": "tranid",
						"value": "SDB53980"
					},
					{
						"name": "transserialnumber",
						"value": "1"
					},
					{
						"name": "valuedate",
						"value": "2015-01-16T00:00:00"
					},
					{
						"name": "merchantcode",
						"value": "5411"
					},
					{
						"name": "merchantid",
						"value": "89050051"
					},
					{
						"name": "category",
						"value": "Groceries"
					},
					{
						"name": "custom_description",
						"value": "#Groceries 4632370001530414"
					}
				]
			}
		]
	}
}