{
	"header": {
		"success": true
	},
	"payload": {
		"source": {
			"name": "DBSIN"
		},
		"customer": {
			"name": "IN0045440086"
		},
		"account": {
			"account_key": "hp4F3LQT4MRpHj/FnDk=",
			"type": "SA|DBEXP",
			"number": "881005769126",
			"currency": "INR"
		},
		"transactions": [
			{
				"key": "hp4F3LQT4MZjGjrKmTw=",
				"currency": "INR",
				"amount": 50.0,
				"description": "PAYMENT~CHINA AIRLINES~",
				"date": "2015-01-07",
				"balance": 4850.0,
				"movement": "debit",
				"type": "DBDMP",
				"original_category": "AirTravel",
				"extraction": "2017-02-23T13:35:13.000+0800",
				"status": "posted",
				"is_new": true,
				"custom_fields": [
					{
						"name": "postingdate",
						"value": "2017-02-23T13:35:13"
					},
					{
						"name": "relatedrecid",
						"value": "1269468"
					},
					{
						"name": "relatedtranref",
						"value": "1269468"
					},
					{
						"name": "trandate",
						"value": "2015-01-16T00:00:00"
					},
					{
						"name": "tranid",
						"value": "M300"
					},
					{
						"name": "transserialnumber",
						"value": "1"
					},
					{
						"name": "valuedate",
						"value": "2015-01-16T00:00:00"
					},
					{
						"name": "merchantid",
						"value": "China Airlines"
					},
					{
						"name": "category",
						"value": "AirTravel"
					},
					{
						"name": "custom_description",
						"value": "#AirTravel"
					}
				]
			}
		]
	}
}