<?xml version="1.0" encoding="UTF-8"?>
<FIXML xsi:schemaLocation="http://www.finacle.com/fixml SBAcctInq.xsd"
	xmlns="http://www.finacle.com/fixml" xmlns:xsi="http://www.w3.org/2001/XMLSchema-instance">
	<Header>
		<RequestHeader>
			<MessageKey>
				<RequestUUID>FINDBG20171003143121926456</RequestUUID>
				<ServiceRequestId>DBGRETLSBAID</ServiceRequestId>
				<ServiceRequestVersion>IDN</ServiceRequestVersion>
				<ChannelId>DGB</ChannelId>
			</MessageKey>
			<RequestMessageInfo>
				<BankId>ID</BankId>
				<TimeZone>GMT+8:00</TimeZone>
				<MessageDateTime>2017-11-10T14:31:21.926</MessageDateTime>
			</RequestMessageInfo>
			<Security>
				<Token>
					<PasswordToken>
						<UserId></UserId>
						<Password></Password>
					</PasswordToken>
				</Token>
				<FICertToken></FICertToken>
				<RealUserLoginSessionId></RealUserLoginSessionId>
				<RealUser></RealUser>
				<RealUserPwd></RealUserPwd>
				<SSOTransferToken></SSOTransferToken>
			</Security>
			<Reversal>
				<ParentRequestUUID></ParentRequestUUID>
			</Reversal>
		</RequestHeader>
	</Header>
	<Body>
		<SBAcctInqRequest>
			<SBAcctInqRq>
				<SBAcctId>
					<AcctId>1700022492</AcctId>
					<AcctType>
						<SchmCode>DBSBA</SchmCode>
						<SchmType>SBA</SchmType>
					</AcctType>
					<AcctCurr>IDR</AcctCurr>
				</SBAcctId>
				<AcctOpnDt>2015-02-02</AcctOpnDt>
				<ModeOfOper>0003</ModeOfOper>
				<BankAcctStatusCode>A</BankAcctStatusCode>
				<CustId>
					<CustId>2118774</CustId>
					<PersonName>
						<LastName>LISAHEALTHCHECK0330023001</LastName>
						<FirstName />
						<MiddleName />
						<Name>LISAHEALTHCHECK0330023001</Name>
						<TitlePrefix>MR</TitlePrefix>
					</PersonName>
				</CustId>
				<SBAcctGenInfo>
					<GenLedgerSubHead>
						<GenLedgerSubHeadCode>21201</GenLedgerSubHeadCode>
						<CurCode>IDR</CurCode>
					</GenLedgerSubHead>
					<AcctName>LISAHEALTHCHECK0330023001</AcctName>
					<AcctShortName>LISAHEALTH</AcctShortName>
					<AcctStmtMode>N</AcctStmtMode>
					<AcctStmtFreq>
						<Cal />
						<Type />
						<WeekNum />
						<HolStat />
					</AcctStmtFreq>
					<DespatchMode />
				</SBAcctGenInfo>
				<AcctBalCrDrInd>C</AcctBalCrDrInd>
				<AcctBalAmt>
					<amountValue>400.00</amountValue>
					<currencyCode>IDR</currencyCode>
				</AcctBalAmt>
				<FreezeStatusCode />
				<FreezeReasonCode />
				<AccrIntDrCrInd>C</AccrIntDrCrInd>
				<AccrIntRate>
					<value>0</value>
				</AccrIntRate>
				<IntCalcFreq>
					<Cal />
					<Type>M</Type>
					<StartDt>31</StartDt>
					<WeekDay>0</WeekDay>
					<WeekNum />
					<HolStat>P</HolStat>
				</IntCalcFreq>
				<IntRateCode>DBSBA</IntRateCode>
				<NetIntDrCrInd>C</NetIntDrCrInd>
				<NetIntRate>
					<value> 0.500000</value>
				</NetIntRate>
				<WithHoldingTaxDtls>
					<TaxCategory>W</TaxCategory>
					<FloorLimitAmt>
						<amountValue>0.00</amountValue>
						<currencyCode>IDR</currencyCode>
					</FloorLimitAmt>
					<WithHoldingPercent>
						<value>20</value>
					</WithHoldingPercent>
				</WithHoldingTaxDtls>
				<RelPartyRec>
					<RelPartyType>M</RelPartyType>
					<RelPartyTypeDesc />
					<RelPartyCode />
					<RelPartyCodeDesc />
					<CustId>
						<CustId>2118774</CustId>
						<PersonName>
							<LastName>LISAHEALTHCHECK0330023001</LastName>
							<FirstName />
							<MiddleName />
							<Name>LISAHEALTHCHECK0330023001</Name>
							<TitlePrefix>MR</TitlePrefix>
						</PersonName>
					</CustId>
					<RelPartyContactInfo>
						<PhoneNum>
							<TelephoneNum>+62(878)0330023001</TelephoneNum>
						</PhoneNum>
						<EmailAddr>0330023001@TEST.COM</EmailAddr>
						<PostAddr>
							<Addr1>ADDRLINE1,ADDRLINE2,ADDNLADDR1,ADDNLADDR2,EST</Addr1>
							<Addr2>ATE,DISTRICT</Addr2>
							<Addr3 />
							<City>37368</City>
							<StateProv>INALP</StateProv>
							<PostalCode>542259</PostalCode>
							<Country />
							<AddrType>Mailing</AddrType>
						</PostAddr>
					</RelPartyContactInfo>
					<RecDelFlg>N</RecDelFlg>
				</RelPartyRec>
			</SBAcctInqRq>
			<SBAcctInq_CustomData>
				<!-- <NickName /> <NomAvailFlg>N</NomAvailFlg> -->
				<LedgerBal>
					<amountValue>300.00</amountValue>
					<currencyCode>IDR</currencyCode>
				</LedgerBal>
				<!-- <SolId>307</SolId> <IFSCCode>DBSBIDJ0</IFSCCode> <LastChangeTime>2017-11-08T11:31:17.000</LastChangeTime> -->
			</SBAcctInq_CustomData>
		</SBAcctInqRequest>
	</Body>
</FIXML>