<?xml version="1.0" encoding="UTF-8"?>
<FIXML xmlns="http://www.finacle.com/fixml" xmlns:xsi="http://www.w3.org/2001/XMLSchema-instance" xsi:schemaLocation="http://www.finacle.com/fixml LienNotification.xsd">
    <Header>
        <RequestHeader>
            <MessageKey>
                <RequestUUID>FINDBG20170612143753716445</RequestUUID>
                <ServiceRequestId>DBGRETLLIEN</ServiceRequestId>
                <ServiceRequestVersion>5</ServiceRequestVersion>
                <ChannelId>DGB</ChannelId>
            </MessageKey>
            <RequestMessageInfo>
                <BankId>01</BankId>
                <TimeZone>GMT+8:00</TimeZone>
                <MessageDateTime>2017-06-12T14:37:53.716</MessageDateTime>
            </RequestMessageInfo>
            <Security>
                <Token>
                    <PasswordToken>
                        <UserId/>
                        <Password/>
                    </PasswordToken>
                </Token>
                <FICertToken/>
                <RealUserLoginSessionId/>
                <RealUser/>
                <RealUserPwd/>
                <SSOTransferToken/>
            </Security>
            <Reversal>
                <ParentRequestUUID/>
            </Reversal>
        </RequestHeader>
    </Header>
    <Body>
        <AcctLienRec>
            <LienStartDt>2015-11-02T00:00:00.000</LienStartDt>
            <LienId>149724195660</LienId>
            <LienType>ULIEN</LienType>
            <LienRmks>EARMARK FOR PAST CUTOFF IMMEDIATE TRANS</LienRmks>
            <LienAmt>
                <amountValue>200904</amountValue>
                <currencyCode>INR</currencyCode>
            </LienAmt>
            <LienRsnCode>DBCFT</LienRsnCode>
            <LienRsnCodeDesc>DigitalBank Channel Funds Transfer</LienRsnCodeDesc>
            <AcctNumber>881003044971</AcctNumber>
            <LedgerBalAmt>
                <amountValue>304907.00</amountValue>
                <currencyCode>INR</currencyCode>
            </LedgerBalAmt>
            <AvailBalAmt>
                <amountValue>14003.00</amountValue>
                <currencyCode>INR</currencyCode>
            </AvailBalAmt>
        </AcctLienRec>
    </Body>
</FIXML>
