<FIXML xsi:schemaLocation="http://www.finacle.com/fixml TranNotification.xsd"
	xmlns="http://www.finacle.com/fixml" xmlns:xsi="http://www.w3.org/2001/XMLSchema-instance">
	<Header>
		<RequestHeader>
			<MessageKey>
				<RequestUUID>FINDBG20170725145023172946</RequestUUID>
				<ServiceRequestId>DBGRETLTRN</ServiceRequestId>
				<ServiceRequestVersion>5</ServiceRequestVersion>
				<ChannelId>DGB</ChannelId>
			</MessageKey>
			<RequestMessageInfo>
				<BankId>01</BankId>
				<TimeZone>GMT+8:00</TimeZone>
				<MessageDateTime>2017-07-25T14:50:23.172</MessageDateTime>
			</RequestMessageInfo>
			<Security>
				<Token>
					<PasswordToken>
						<UserId></UserId>
						<Password></Password>
					</PasswordToken>
				</Token>
				<FICertToken></FICertToken>
				<RealUserLoginSessionId></RealUserLoginSessionId>
				<RealUser>
				</RealUser>
				<RealUserPwd></RealUserPwd>
				<SSOTransferToken></SSOTransferToken>
			</Security>
			<Reversal>
				<ParentRequestUUID></ParentRequestUUID>
			</Reversal>
		</RequestHeader>
	</Header>
	<Body>
		<AcctTrnRec>
			<TrnDt>2015-01-16T00:00:00.000</TrnDt>
			<ValueDt>2015-01-16T00:00:00.000</ValueDt>
			
			<TrnID> M72176</TrnID>
			<TrnCurCode>INR</TrnCurCode>
			<TrnType>T</TrnType>
			<TrnParticulars>AC TRF-DGB-DIGITAL OPS â TOP U-</TrnParticulars>
			<TranParticular2>REF-</TranParticular2>
			<TranRmks>811ASSETDBTOPINR</TranRmks>
			<TranRefNo>DGB</TranRefNo>
			<TrnAmt>
				<amountValue>1000.00</amountValue>
				<currencyCode>INR</currencyCode>
			</TrnAmt>
			<PartTrnType>C</PartTrnType>
			<PartTrnSrlNum>2</PartTrnSrlNum>
			<TrnStat />
			<AcctNumber>881006897408</AcctNumber>
			<TranParticularCode>DIBXF</TranParticularCode>
			<LedgerBal>
				<amountValue>10000.00</amountValue>
				<currencyCode>INR</currencyCode>
			</LedgerBal>
			<PostedDate>2017-07-25T14:39:11.000</PostedDate>
			<availableBal>
				<amountValue>10000.00</amountValue>
				<currencyCode>INR</currencyCode>
			</availableBal>
			<CifId>2399139</CifId>
			<CustSegment>0101</CustSegment>
			<CustMobile>+916592976384</CustMobile>
			<CustMobiless>+916592976384</CustMobiless>
		</AcctTrnRec>
	</Body>
</FIXML>