{
	"header": {
		"success": true
	},
	"payload": {
		"source": {
			"name": "DBSIN"
		},
		"customer": {
			"name": "IN0015633533"
		},
		"account": {
			"account_key": "hp4F3LQT4MRiGTjHlDk=",
			"type": "SA|DBEXP",
			"number": "881001912748",
			"currency": "INR"
		},
		"transactions": [
			{
				"key": "hp4F3LQT4MZjGjzHlTw=",
				"currency": "INR",
				"amount": 1.0,
				"description": "ADWORDS",
				"date": "2014-10-29",
				"balance": 3446.0,
				"movement": "debit",
				"original_category": "Internet",
				"extraction": "2015-11-16T19:21:51.000+0800",
				"status": "posted",
				"is_new": true,
				"custom_fields": [
					{
						"name": "postingdate",
						"value": "2015-11-16T19:21:51+08:00"
					},
					{
						"name": "relatedtranref",
						"value": "RIB"
					},
					{
						"name": "trandate",
						"value": "2015-01-08T00:00:00+08:00"
					},
					{
						"name": "tranid",
						"value": "M11420"
					},
					{
						"name": "transserialnumber",
						"value": "1"
					},
					{
						"name": "valuedate",
						"value": "2015-01-08T00:00:00+08:00"
					},
					{
						"name": "category",
						"value": "Internet"
					},
					{
						"name": "custom_description",
						"value": "#Internet"
					}
				]
			}
		]
	}
}