<?xml version="1.0" encoding="UTF-8"?>
<Configuration status="WARN" monitorInterval="30">
	<Properties>
		<Property name="ELK_PATTERN">%d{dd-MM-yyyy/HH:mm:ss.SSS}|%X{APP_CODE}|%X{COUNTRY}|%X{SERVICE_ID}|%X{INTERFACE_MAP}|%X{FUNCTIONAL_MAP}|%X{REQUEST_TYPE}|%X{MSG_UID}|%X{CLIENT_IP}|%X{STATUS_CODE}|%X{STATUS_CODE_DESC}|%X{ERROR_CLASSIFICATION}|%X{RESPONSE_TIME}%n
		</Property>
		<Property name="APP_LOG_PATTERN">
			%X{hostname} %X{orgCode} %X{serviceName} %X{MSG_UID} %d{dd-MMM-yyyy HH:mm:ss.SSS} [%thread] %-5level %logger{36}- %msg%n
		</Property>
	</Properties>
	<Appenders>
		<!-- Rolling File Appender -->
		<RollingFile name="AppFileAppender"
			fileName="${sys:jboss.app.log.dir}/transaction-history-api.log"
			filePattern="${sys:jboss.app.log.dir}/transaction-history-api.log-%d{yyyy-MM-dd}-%i.log">
			<PatternLayout>
				<Pattern>${APP_LOG_PATTERN}</Pattern>
			</PatternLayout>
			<Policies>
				<OnStartupTriggeringPolicy />
				<TimeBasedTriggeringPolicy interval="1" modulate="true" />
				<SizeBasedTriggeringPolicy size="5MB" />
			</Policies>
		</RollingFile>
		<RollingFile name="ELKFileAppender"
			fileName="${sys:jboss.app.log.dir}/transaction-history-api-performance.log"
			filePattern="${sys:jboss.app.log.dir}/transaction-history-api-performance.log-%d{yyyy-MM-dd}-%i.log">
			<PatternLayout>
				<Pattern>${ELK_PATTERN}</Pattern>
			</PatternLayout>
			<Policies>
				<OnStartupTriggeringPolicy />
				<TimeBasedTriggeringPolicy interval="1"	modulate="true" />
				<SizeBasedTriggeringPolicy size="5MB" />
			</Policies>
		</RollingFile>
	</Appenders>
	<Loggers>
		<AsyncLogger name="com.dbs.tds.transactionhistoryapi"
			level="info" additivity="false">
			<AppenderRef ref="AppFileAppender" />
		</AsyncLogger>
		<AsyncLogger name="elklogger" level="info" additivity="false">
			<AppenderRef ref="ELKFileAppender" />
		</AsyncLogger>
		<AsyncLogger name="org.springframework" level="info" additivity="false">
			<AppenderRef ref="AppFileAppender" />
		</AsyncLogger>
		<AsyncLogger name="org.apache.cxf" level="info"
			additivity="false"> 
			<AppenderRef ref="AppFileAppender" />
		</AsyncLogger>
	</Loggers>
</Configuration>