<?xml version="1.0" encoding="UTF-8"?>
<FIXML xsi:schemaLocation="http://www.finacle.com/fixml .xsd"
	xmlns="http://www.finacle.com/fixml" xmlns:xsi="http://www.w3.org/2001/XMLSchema-instance">
	<Header>
		<ResponseHeader>
			<RequestMessageKey>
				<RequestUUID></RequestUUID>
				<ServiceRequestId></ServiceRequestId>
				<ServiceRequestVersion></ServiceRequestVersion>
				<ChannelId></ChannelId>
			</RequestMessageKey>
			<ResponseMessageInfo>
				<BankId></BankId>
				<TimeZone></TimeZone>
				<MessageDateTime>2017-10-03T08:48:28.366</MessageDateTime>
			</ResponseMessageInfo>
			<UBUSTransaction>
				<Id></Id>
				<Status>FAILED</Status>
			</UBUSTransaction>
			<HostTransaction>
				<Id></Id>
				<Status>FAILURE</Status>
			</HostTransaction>
			<HostParentTransaction>
				<Id></Id>
				<Status></Status>
			</HostParentTransaction>
			<CustomInfo />
		</ResponseHeader>
	</Header>
	<Body>
		<Error>
			<FISystemException>
				<ErrorDetail>
					<ErrorCode>31008</ErrorCode>
					<ErrorDesc>Following value(s) are not found in input RequestUUID
						MessageDateTime ChannelId ServiceRequestId ServiceRequestVersion
						BankId
					</ErrorDesc>
					<ErrorType>SE</ErrorType>
				</ErrorDetail>
			</FISystemException>
		</Error>
	</Body>
	
	
	
	<Header>
		<ResponseHeader>
			<RequestMessageKey>
				<RequestUUID></RequestUUID>
				<ServiceRequestId></ServiceRequestId>
				<ServiceRequestVersion></ServiceRequestVersion>
				<ChannelId></ChannelId>
			</RequestMessageKey>
			<ResponseMessageInfo>
				<BankId></BankId>
				<TimeZone></TimeZone>
				<MessageDateTime>2017-10-03T09:10:04.730</MessageDateTime>
			</ResponseMessageInfo>
			<UBUSTransaction>
				<Id></Id>
				<Status>FAILED</Status>
			</UBUSTransaction>
			<HostTransaction>
				<Id></Id>
				<Status>FAILURE</Status>
			</HostTransaction>
			<HostParentTransaction>
				<Id></Id>
				<Status></Status>
			</HostParentTransaction>
			<CustomInfo />
		</ResponseHeader>
	</Header>
	<Body>
		<Error>
			<FISystemException>
				<ErrorDetail>
					<ErrorCode>200154</ErrorCode>
					<ErrorDesc>FIUsbTransactionHandler:convertMsgToTransactionVO:FIUsbTransactionHandler:convertMsgToTransactionVO:Invalid
						Bank Id 00</ErrorDesc>
					<ErrorType>SE</ErrorType>
				</ErrorDetail>
			</FISystemException>
		</Error>
	</Body>
</FIXML>