<FIXML xsi:schemaLocation="http://www.finacle.com/fixml BalInq.xsd"
	xmlns="http://www.finacle.com/fixml" xmlns:xsi="http://www.w3.org/2001/XMLSchema-instance">
	<Header>
		<ResponseHeader>
			<RequestMessageKey>
				<RequestUUID>62326b77-c833-4b05-971d-f1283dc218b9</RequestUUID>
				<ServiceRequestId>BalInq</ServiceRequestId>
				<ServiceRequestVersion>IN</ServiceRequestVersion>
				<ChannelId>DGB</ChannelId>
			</RequestMessageKey>
			<ResponseMessageInfo>
				<BankId>01</BankId>
				<TimeZone>GMT+08:00</TimeZone>
				<MessageDateTime>2017-09-28T15:02:34.121</MessageDateTime>
			</ResponseMessageInfo>
			<UBUSTransaction>
				<Id />
				<Status />
			</UBUSTransaction>
			<HostTransaction>
				<Id />
				<Status>SUCCESS</Status>
			</HostTransaction>
			<HostParentTransaction>
				<Id />
				<Status />
			</HostParentTransaction>
			<CustomInfo />
		</ResponseHeader>
	</Header>
	<Body>
		<BalInqResponse>
			<BalInqRs>
				<AcctId>
					<AcctId>881002472964</AcctId>
					<AcctType>
						<SchmCode></SchmCode>
						<SchmType></SchmType>
					</AcctType>
					<AcctCurr>INR</AcctCurr>
					<BankInfo>
						<BankId></BankId>
						<Name></Name>
						<BranchId></BranchId>
						<BranchName></BranchName>
						<PostAddr>
							<Addr1></Addr1>
							<Addr2></Addr2>
							<Addr3></Addr3>
							<City></City>
							<StateProv></StateProv>
							<PostalCode></PostalCode>
							<Country></Country>
							<AddrType></AddrType>
						</PostAddr>
					</BankInfo>
				</AcctId>
				<AcctBal>
					<BalType>CLRBAL</BalType>
					<BalAmt>
						<amountValue>5086869.00</amountValue>
						<currencyCode>INR</currencyCode>
					</BalAmt>
				</AcctBal>
				<AcctBal>
					<BalType>SANLIM</BalType>
					<BalAmt>
						<amountValue>0.00</amountValue>
						<currencyCode>INR</currencyCode>
					</BalAmt>
				</AcctBal>
				<AcctBal>
					<BalType>UTLAMT</BalType>
					<BalAmt>
						<amountValue>0.00</amountValue>
						<currencyCode>INR</currencyCode>
					</BalAmt>
				</AcctBal>
				<AcctBal>
					<BalType>DRWPWR</BalType>
					<BalAmt>
						<amountValue>0.00</amountValue>
						<currencyCode>INR</currencyCode>
					</BalAmt>
				</AcctBal>
				<AcctBal>
					<BalType>ADHOC</BalType>
					<BalAmt>
						<amountValue>0.00</amountValue>
						<currencyCode>INR</currencyCode>
					</BalAmt>
				</AcctBal>
				<AcctBal>
					<BalType>SINTRN</BalType>
					<BalAmt>
						<amountValue>0.00</amountValue>
						<currencyCode>INR</currencyCode>
					</BalAmt>
				</AcctBal>
				<AcctBal>
					<BalType>CLNADH</BalType>
					<BalAmt>
						<amountValue>0.00</amountValue>
						<currencyCode>INR</currencyCode>
					</BalAmt>
				</AcctBal>
				<AcctBal>
					<BalType>DACC</BalType>
					<BalAmt>
						<amountValue>0.00</amountValue>
						<currencyCode>INR</currencyCode>
					</BalAmt>
				</AcctBal>
				<AcctBal>
					<BalType>LIEN</BalType>
					<BalAmt>
						<amountValue>0.00</amountValue>
						<currencyCode>INR</currencyCode>
					</BalAmt>
				</AcctBal>
				<AcctBal>
					<BalType>SYSRES</BalType>
					<BalAmt>
						<amountValue>0.00</amountValue>
						<currencyCode>INR</currencyCode>
					</BalAmt>
				</AcctBal>
				<AcctBal>
					<BalType>OVDFUT</BalType>
					<BalAmt>
						<amountValue>0.00</amountValue>
						<currencyCode>INR</currencyCode>
					</BalAmt>
				</AcctBal>
				<AcctBal>
					<BalType>DAFALM</BalType>
					<BalAmt>
						<amountValue>0.00</amountValue>
						<currencyCode>INR</currencyCode>
					</BalAmt>
				</AcctBal>
				<AcctBal>
					<BalType>FUTBAL</BalType>
					<BalAmt>
						<amountValue>220.00</amountValue>
						<currencyCode>INR</currencyCode>
					</BalAmt>
				</AcctBal>
				<AcctBal>
					<BalType>FLOAT</BalType>
					<BalAmt>
						<amountValue>0.00</amountValue>
						<currencyCode></currencyCode>
					</BalAmt>
				</AcctBal>
				<AcctBal>
					<BalType>AVAIL</BalType>
					<BalAmt>
						<amountValue>5086649.00</amountValue>
						<currencyCode>INR</currencyCode>
					</BalAmt>
				</AcctBal>
				<AcctBal>
					<BalType>FFDAVL</BalType>
					<BalAmt>
						<amountValue>0.00</amountValue>
						<currencyCode>INR</currencyCode>
					</BalAmt>
				</AcctBal>
				<AcctBal>
					<BalType>EFFAVL</BalType>
					<BalAmt>
						<amountValue>5086649.00</amountValue>
						<currencyCode>INR</currencyCode>
					</BalAmt>
				</AcctBal>
				<AcctBal>
					<BalType>EFUAVL</BalType>
					<BalAmt>
						<amountValue>5086649.00</amountValue>
						<currencyCode>INR</currencyCode>
					</BalAmt>
				</AcctBal>
				<AcctBal>
					<BalType>EMRADV</BalType>
					<BalAmt>
						<amountValue>0.00</amountValue>
						<currencyCode>INR</currencyCode>
					</BalAmt>
				</AcctBal>
				<AcctBal>
					<BalType>CLNEMR</BalType>
					<BalAmt>
						<amountValue>0.00</amountValue>
						<currencyCode>INR</currencyCode>
					</BalAmt>
				</AcctBal>
				<AcctBal>
					<BalType>CLNSTR</BalType>
					<BalAmt>
						<amountValue>0.00</amountValue>
						<currencyCode>INR</currencyCode>
					</BalAmt>
				</AcctBal>
				<AcctBal>
					<BalType>SYSGENLM</BalType>
					<BalAmt>
						<amountValue>0.00</amountValue>
						<currencyCode>INR</currencyCode>
					</BalAmt>
				</AcctBal>
				<AcctBal>
					<BalType>UNCLRBAL</BalType>
					<BalAmt>
						<amountValue>0.00</amountValue>
						<currencyCode>INR</currencyCode>
					</BalAmt>
				</AcctBal>
				<AcctBal>
					<BalType>POOLAVL</BalType>
					<BalAmt>
						<amountValue>0.00</amountValue>
						<currencyCode></currencyCode>
					</BalAmt>
				</AcctBal>
				<AcctBal>
					<BalType>HOMAVL</BalType>
					<BalAmt>
						<amountValue>0.00</amountValue>
						<currencyCode></currencyCode>
					</BalAmt>
				</AcctBal>
				<AcctBal>
					<BalType>FUTCR</BalType>
					<BalAmt>
						<amountValue>0.00</amountValue>
						<currencyCode></currencyCode>
					</BalAmt>
				</AcctBal>
				<AcctBal>
					<BalType>UTILFUTBAL</BalType>
					<BalAmt>
						<amountValue>220.00</amountValue>
						<currencyCode>INR</currencyCode>
					</BalAmt>
				</AcctBal>
				<AcctBal>
					<BalType>USEDOC</BalType>
					<BalAmt>
						<amountValue>0.00</amountValue>
						<currencyCode>INR</currencyCode>
					</BalAmt>
				</AcctBal>
				<AcctBal>
					<BalType>DAFAWITHDRAWL</BalType>
					<BalAmt>
						<amountValue>0.00</amountValue>
						<currencyCode></currencyCode>
					</BalAmt>
				</AcctBal>
			</BalInqRs>
			<BalInq_CustomData>
				<AcctStatus>A</AcctStatus>
				<LedgerBal>
					<amountValue>5086649.0000</amountValue>
					<currencyCode>INR</currencyCode>
				</LedgerBal>
				<NominationInd>Y</NominationInd>
				<SolId>811</SolId>
				<NetIntRate> 6.000000</NetIntRate>
				<AcctStatusDate>2015-11-02T00:00:00.000</AcctStatusDate>
				<SanctionLimit>
					<Amount>0</Amount>
					<Currency>INR</Currency>
				</SanctionLimit>
				<FundsInClr>
					<Amount>0</Amount>
					<Currency>INR</Currency>
				</FundsInClr>
				<NickName>HlthMntr</NickName>
				<IFSCCode>DBSS0IN0811</IFSCCode>
				<MMID>9641984</MMID>
				<MobileNumber1>5955949322</MobileNumber1>
			</BalInq_CustomData>
		</BalInqResponse>
	</Body>
</FIXML>