<?xml version="1.0" encoding="UTF-8"?>
<ns0:FIXML xmlns:ns0="http://www.finacle.com/fixml">
	<ns0:Header>
		<ns0:RequestHeader>
			<ns0:MessageKey>
				<ns0:RequestUUID>62326b77-c833-4b05-971d-f1283dc218b9
				</ns0:RequestUUID>
				<ns0:ServiceRequestId>BalInq</ns0:ServiceRequestId>
				<ns0:ServiceRequestVersion>IN</ns0:ServiceRequestVersion>
				<ns0:ChannelId>DGB</ns0:ChannelId>
			</ns0:MessageKey>
			<ns0:RequestMessageInfo>
				<ns0:BankId>01</ns0:BankId>
				<ns0:TimeZone>GMT+08:00</ns0:TimeZone>
				<ns0:MessageDateTime>2014-05-05T15:34:19.001</ns0:MessageDateTime>
			</ns0:RequestMessageInfo>
		</ns0:RequestHeader>
	</ns0:Header>
	<ns0:Body>
		<ns0:BalInqRequest>
			<ns0:BalInqRq>
				<ns0:AcctId>
					<ns0:AcctId>881002472964</ns0:AcctId>
					<ns0:AcctCurr>INR</ns0:AcctCurr>
					<ns0:BankInfo />
				</ns0:AcctId>
			</ns0:BalInqRq>
		</ns0:BalInqRequest>
	</ns0:Body>
</ns0:FIXML>