<soapenv:Envelope xmlns:_0="http://schemas.dbs.com/soi/common/4_0"
	xmlns:_1="http://schemas.dbs.com/soi/common/4_1" xmlns:soapenv="http://schemas.xmlsoap.org/soap/envelope/"
	xmlns:v1="http://schemas.dbs.com/soi/xsd/DepositAccount/v1_1">
	<soapenv:Header>
		<_0:ExtendedHeader>
			<CredentialsRqHdr>
				<SubjectRole>$subjectRole</SubjectRole>
				<PartyId>IN0048815878</PartyId>
				<LoginName>uluser01</LoginName>
				<PartyEnvr>
					<NetworkTrnData>
						<NetworkOwner>NA</NetworkOwner>
						<TerminalIdent>F8E5F620C1084F31B114C29EC9CCEB44</TerminalIdent>
						<TerminalType>iOS 10.3.3</TerminalType>
						<GeoLocation>
							<CountryCode>IN</CountryCode>
							<Lat>17.418905097585494</Lat>
							<Lon>78.34725886077617</Lon>
						</GeoLocation>
						<NetworkLocation>
							<OriginatorIP>124.124.91.241</OriginatorIP>
						</NetworkLocation>
					</NetworkTrnData>
				</PartyEnvr>
				<PartyAuth>
					<SecTokenKey>
						<SessKey>pAw7jDRvc95EPzm8CBAIlJU</SessKey>
					</SecTokenKey>
				</PartyAuth>
			</CredentialsRqHdr>
		</_0:ExtendedHeader>
		<_0:Trace mustUnderstand="false">
			<_0:RqDateTime>2015-11-02T10:31:32.303+05:30</_0:RqDateTime>
			<_0:RqClient>
				<_0:RqClientId>DBIN</_0:RqClientId>
				<_0:RqClientCtry>IN</_0:RqClientCtry>
			</_0:RqClient>
		</_0:Trace>
		<_0:MsgDetl mustUnderstand="false">
			<_0:MsgUID>20170926130132866043</_0:MsgUID>
			<_0:SvcVersion>LA</_0:SvcVersion>
		</_0:MsgDetl>
	</soapenv:Header>
	<soapenv:Body>
		<v1:AcctBalInq>
			<_1:CommonRq>
				<_1:OrgCode>2009</_1:OrgCode>
				<!--Optional: -->
				<_1:ChannelId>95</_1:ChannelId>
			</_1:CommonRq>
			<RqAcctId>
				<_1:DepAcctId>
					<_1:ProdType>SA</_1:ProdType>
					<_1:AcctId>881003384301</_1:AcctId>
					<_1:AcctCur>INR</_1:AcctCur>
				</_1:DepAcctId>
			</RqAcctId>
		</v1:AcctBalInq>
	</soapenv:Body>
</soapenv:Envelope>
