<?xml version="1.0" encoding="UTF-8"?>
<env:Envelope xmlns:com="http://schemas.dbs.com/soi/common/4_0"
	xmlns:env="http://schemas.xmlsoap.org/soap/envelope/" xmlns:com1="http://schemas.dbs.com/soi/common/4_1">
	<env:Header>
		<com:MsgDetl mustUnderstand="false">
			<com:MsgUID>20170927111105870226</com:MsgUID>
			<com:SvcVersion>LA</com:SvcVersion>
		</com:MsgDetl>
		<com:Trace mustUnderstand="false">
			<com:RqDateTime>2015-11-02T08:41:05.118+05:30</com:RqDateTime>
			<com:RqClient>
				<com:RqClientId>DBIN</com:RqClientId>
				<com:RqClientCtry>IN</com:RqClientCtry>
			</com:RqClient>
		</com:Trace>
		<com:ExtendedHeader>
			<CredentialsRqHdr>
				<SubjectRole>$subjectRole</SubjectRole>
				<PartyId>IN0030328851</PartyId>
				<LoginName>chamst3</LoginName>
				<PartyEnvr>
					<NetworkTrnData>
						<NetworkOwner>NA</NetworkOwner>
						<TerminalIdent>FB02734F1AD24A0F88C3AF325BF4EAA5</TerminalIdent>
						<TerminalType>iOS 10.3.2</TerminalType>
						<GeoLocation>
							<CountryCode>IN</CountryCode>
							<Lat>1.3383376718245836</Lat>
							<Lon>103.96460910709733</Lon>
						</GeoLocation>
						<NetworkLocation>
							<OriginatorIP>58.185.185.139</OriginatorIP>
						</NetworkLocation>
					</NetworkTrnData>
				</PartyEnvr>
				<PartyAuth>
					<SecTokenKey>
						<SessKey>NEYcVV0m1ETvBqljW91ING6</SessKey>
					</SecTokenKey>
				</PartyAuth>
			</CredentialsRqHdr>
		</com:ExtendedHeader>
	</env:Header>
	<env:Body>
		<ns0:AcctBalInqResponse
			xmlns:ns0="http://schemas.dbs.com/soi/xsd/DepositAccount/v1_1">
			<com1:CommonRs>
				<com1:OrgCode>2009</com1:OrgCode>
			</com1:CommonRs>
			<BalDetl>
				<com1:DepAcctId>
					<com1:ProdType>SA</com1:ProdType>
					<com1:ProdCode>SA</com1:ProdCode>
					<com1:AcctId>881000060695</com1:AcctId>
					<com1:AcctCur>INR</com1:AcctCur>
					<com1:OrgCode>2009</com1:OrgCode>
				</com1:DepAcctId>
				<DepBalDetl>
					<com1:LedgerBal>
						<com1:Amt>10710.36</com1:Amt>
						<com1:Cur>INR</com1:Cur>
					</com1:LedgerBal>
					<com1:AvailBal>
						<com1:Amt>10710.36</com1:Amt>
						<com1:Cur>INR</com1:Cur>
					</com1:AvailBal>
					<com1:LedgerBalAsOfDate>
						<com1:BalAsOfDateTime>2017-09-21T12:36:24+08:00
						</com1:BalAsOfDateTime>
					</com1:LedgerBalAsOfDate>
					<com1:AvailBalAsOfDate>
						<com1:BalAsOfDateTime>2017-09-21T12:36:24+08:00
						</com1:BalAsOfDateTime>
					</com1:AvailBalAsOfDate>
				</DepBalDetl>
			</BalDetl>
		</ns0:AcctBalInqResponse>
	</env:Body>
</env:Envelope>