{
	"source": {
		"name": "DBSIN"
	},
	"customer": {
		"name": "IN0057410763"
	},
	"account": {
		"number": "881005769199",
		"currency": "INR",
		"type": "SA|DBEXP"
	},
	"transactions": [
		{
			"date": "2015-01-07",
			"extraction": "2017-02-23T17:16:21.000+0800",
			"type": "DIBXF",
			"description": "AC TRF~LISA AUTOMATION~",
			"movement": "credit",
			"currency": "INR",
			"amount": 1,
			"balance": 77,
			"status": "posted",
			"custom_fields": [
				{
					"name": "note",
					"value": "INTRABANK FT",
					"immutable": false,
					"core": true
				},
				{
					"name": "postingdate",
					"value": "2017-02-23T17:16:21",
					"immutable": true,
					"core": true
				},
				{
					"name": "relatedrecid",
					"value": "243380",
					"immutable": true,
					"core": true
				},
				{
					"name": "relatedtranref",
					"value": "f3a520ce-6673-43a7-a",
					"immutable": true,
					"core": true
				},
				{
					"name": "trandate",
					"value": "2015-01-16T00:00:00",
					"immutable": true,
					"core": true
				},
				{
					"name": "tranid",
					"value": "M393",
					"immutable": true,
					"core": true
				},
				{
					"name": "transserialnumber",
					"value": "2",
					"immutable": true,
					"core": true
				},
				{
					"name": "valuedate",
					"value": "2015-01-16T00:00:00",
					"immutable": true,
					"core": true
				}
			]
		}
	]
}