{  
   "source":{  
      "name":"DBSIN"
   },
   "customer":{  
      "name":"IN0015633533"
   },
   "account":{  
      "number":"881001912748",
      "currency":"INR",
      "type":"SA|DBEXP"
   },
   "transactions":[  
      {  
         "date":"2014-10-29",
         "extraction":"2015-11-16T19:21:51.000+0800",
         "description":"ADWORDS",
         "movement":"debit",
         "currency":"INR",
         "amount":1,
         "balance":3446,
         "status":"posted",
         "custom_fields":[  
            {  
               "name":"postingdate",
               "value":"2015-11-16T19:21:51+08:00",
               "immutable":true,
               "core":true
            },
            {  
               "name":"relatedtranref",
               "value":"RIB",
               "immutable":true,
               "core":true
            },
            {  
               "name":"trandate",
               "value":"2015-01-08T00:00:00+08:00",
               "immutable":true,
               "core":true
            },
            {  
               "name":"tranid",
               "value":"M11420",
               "immutable":true,
               "core":true
            },
            {  
               "name":"transserialnumber",
               "value":"1",
               "immutable":true,
               "core":true
            },
            {  
               "name":"valuedate",
               "value":"2015-01-08T00:00:00+08:00",
               "immutable":true,
               "core":true
            }
         ]
      }
   ]
}