{
	"source": {
		"name": "DBSIN"
	},
	"customer": {
		"name": "IN0043228910"
	},
	"account": {
		"number": "881002032447",
		"currency": "INR",
		"type": "SA|DBEXP"
	},
	"transactions": [
		{
			"date": "2015-01-08",
			"extraction": "2016-12-05T16:40:19.000+0800",
			"type": "DBDBP",
			"description": "BILLPAY~DASKSHIN GUJRAT VIJ~",
			"movement": "debit",
			"currency": "INR",
			"amount": 1,
			"balance": 9999,
			"status": "posted",
			"custom_fields": [
				{
					"name": "billerid",
					"value": "DGVCL",
					"immutable": true,
					"core": false
				},
				{
					"name": "postingdate",
					"value": "2016-12-05T16:40:19+08:00",
					"immutable": true,
					"core": true
				},
				{
					"name": "relatedrecid",
					"value": "PAYEE_DTLS201612191271980",
					"immutable": true,
					"core": true
				},
				{
					"name": "relatedtranref",
					"value": "2016-12-05T16:40:16.",
					"immutable": true,
					"core": true
				},
				{
					"name": "trandate",
					"value": "2015-01-08T00:00:00+08:00",
					"immutable": true,
					"core": true
				},
				{
					"name": "tranid",
					"value": "M64552",
					"immutable": true,
					"core": true
				},
				{
					"name": "transserialnumber",
					"value": "1",
					"immutable": true,
					"core": true
				},
				{
					"name": "valuedate",
					"value": "2015-01-08T00:00:00+08:00",
					"immutable": true,
					"core": true
				}
			]
		}
	]
}