{
	"source": {
		"name": "DBSIN"
	},
	"customer": {
		"name": "IN0061885396"
	},
	"account": {
		"number": "881004443319",
		"currency": "INR",
		"type": "SA|DBSBA"
	},
	"transactions": [
		{
			"date": "2015-01-16",
			"extraction": "2017-02-23T12:43:34.000+0800",
			"type": "POSPR",
			"description": " PCD  530414 GROFE",
			"movement": "debit",
			"currency": "INR",
			"amount": 540,
			"balance": 40814,
			"status": "posted",
			"custom_fields": [
				{
					"name": "note",
					"value": "4632370001530414",
					"immutable": false,
					"core": true
				},
				{
					"name": "postingdate",
					"value": "2017-02-23T12:43:34",
					"immutable": true,
					"core": true
				},
				{
					"name": "relatedrecid",
					"value": "988221 142014201579 70005011",
					"immutable": true,
					"core": true
				},
				{
					"name": "relatedtranref",
					"value": "5411~89050051",
					"immutable": true,
					"core": true
				},
				{
					"name": "trandate",
					"value": "2015-01-16T00:00:00",
					"immutable": true,
					"core": true
				},
				{
					"name": "tranid",
					"value": "SDB53980",
					"immutable": true,
					"core": true
				},
				{
					"name": "transserialnumber",
					"value": "1",
					"immutable": true,
					"core": true
				},
				{
					"name": "valuedate",
					"value": "2015-01-16T00:00:00",
					"immutable": true,
					"core": true
				},
				{
					"name": "merchantcode",
					"value": "5411",
					"immutable": true,
					"core": false
				},
				{
					"name": "merchantid",
					"value": "89050051",
					"immutable": true,
					"core": false
				}
			]
		}
	]
}