{
	"source": {
		"name": "DBSIN"
	},
	"customer": {
		"name": "IN0045440086"
	},
	"account": {
		"number": "881005769126",
		"currency": "INR",
		"type": "SA|DBEXP"
	},
	"transactions": [
		{
			"date": "2015-01-07",
			"extraction": "2017-02-23T13:35:13.000+0800",
			"type": "DBDMP",
			"description": "PAYMENT~CHINA AIRLINES~",
			"movement": "debit",
			"currency": "INR",
			"amount": 50,
			"balance": 4850,
			"status": "posted",
			"custom_fields": [
				{
					"name": "postingdate",
					"value": "2017-02-23T13:35:13",
					"immutable": true,
					"core": true
				},
				{
					"name": "relatedrecid",
					"value": "1269468",
					"immutable": true,
					"core": true
				},
				{
					"name": "relatedtranref",
					"value": "1269468",
					"immutable": true,
					"core": true
				},
				{
					"name": "trandate",
					"value": "2015-01-16T00:00:00",
					"immutable": true,
					"core": true
				},
				{
					"name": "tranid",
					"value": "M300",
					"immutable": true,
					"core": true
				},
				{
					"name": "transserialnumber",
					"value": "1",
					"immutable": true,
					"core": true
				},
				{
					"name": "valuedate",
					"value": "2015-01-16T00:00:00",
					"immutable": true,
					"core": true
				},
				{
					"name": "merchantid",
					"value": "China Airlines",
					"immutable": true,
					"core": false
				}
			]
		}
	]
}