<?xml version="1.0" encoding="UTF-8" standalone="no"?>
<templates>
	<template autoinsert="false" context="overridecomment_context"
		deleted="false" description="Comment for overriding methods" enabled="true"
		id="org.eclipse.jdt.ui.text.codetemplates.overridecomment" name="overridecomment">/**
		* This method is used to
		* ${tags}
		*/
	</template>
	<template autoinsert="false" context="fieldcomment_context"
		deleted="false" description="Comment for fields" enabled="true"
		id="org.eclipse.jdt.ui.text.codetemplates.fieldcomment" name="fieldcomment">/**
		* This field is used to store value for ${field} which is of type
		{@link ${field_type} }.
		*/
	</template>
	<template autoinsert="false" context="gettercomment_context"
		deleted="false" description="Comment for getter method" enabled="true"
		id="org.eclipse.jdt.ui.text.codetemplates.gettercomment" name="gettercomment">/**
		* This method is used to get property ${bare_field_name} of class
		{@link ${enclosing_type} }.
		*
		* @return ${bare_field_name} : {@link ${field_type} }
		*/
	</template>
	<template autoinsert="false" context="typecomment_context"
		deleted="false" description="Comment for created types" enabled="true"
		id="org.eclipse.jdt.ui.text.codetemplates.typecomment" name="typecomment">/**
		* This class is used for
		*
		* @author DBS Asia Hub 2
		* @version 1.0
		*
		* ${tags}
		*/
	</template>
	<template autoinsert="false" context="settercomment_context"
		deleted="false" description="Comment for setter method" enabled="true"
		id="org.eclipse.jdt.ui.text.codetemplates.settercomment" name="settercomment">/**
		* This method is used to set property ${bare_field_name} of class
		{@link ${enclosing_type} }.
		*
		* @param ${param} : {@link ${field_type} }
		*/
	</template>
	<template autoinsert="false" context="methodcomment_context"
		deleted="false" description="Comment for non-overriding methods"
		enabled="true" id="org.eclipse.jdt.ui.text.codetemplates.methodcomment"
		name="methodcomment">/**
		* This method is used to
		* ${tags}
		*/
	</template>
	<template autoinsert="false" context="delegatecomment_context"
		deleted="false" description="Comment for delegate methods" enabled="true"
		id="org.eclipse.jdt.ui.text.codetemplates.delegatecomment" name="delegatecomment">/**
		* This method is used to
		* ${tags}
		* ${see_to_target}
		*/
	</template>
	<template autoinsert="true" context="constructorcomment_context"
		deleted="false" description="Comment for created constructors"
		enabled="true" id="org.eclipse.jdt.ui.text.codetemplates.constructorcomment"
		name="constructorcomment">/**
		* ${tags}
		*/
	</template>
	<template autoinsert="false" context="filecomment_context"
		deleted="false" description="Comment for created Java files" enabled="true"
		id="org.eclipse.jdt.ui.text.codetemplates.filecomment" name="filecomment">/**
		* This file is property of DBS Bank Pvt Ltd
		*
		* File Name: ${file_name}
		* Author: DBS Asia Hub 2
		* Date: ${date}
		*/
	</template>
</templates>